{
    "overall": {
        "P": 0.09508147263892817,
        "R": 0.03249380071253302,
        "F": 0.0484350664861516
    },
    "NoT": {
        "P": 0.24911322527601598,
        "R": 0.1774680663133578,
        "F": 0.20727417378338547
    },
    "NeT": {
        "P": 0.022222222222222223,
        "R": 4.4444444444444447e-05,
        "F": 8.871146595697495e-05
    },
    "FaT": {
        "P": 0.05574461123480731,
        "R": 0.016341104534663607,
        "F": 0.02527348198484443
    },
    "tool_groups": {
        "PyFlakes": {
            "P": 0.2,
            "R": 0.0004,
            "F": 0.0007984031936127744
        },
        "pycodestyle": {
            "P": 0.0,
            "R": 0.0,
            "F": 0
        },
        "Misc": {
            "P": 0.24911322527601598,
            "R": 0.1774680663133578,
            "F": 0.20727417378338547
        },
        "flake8-annotations": {
            "P": 0.08476307189542484,
            "R": 0.022894736842105263,
            "F": 0.03605178756155914
        },
        "flake8-async": {
            "P": 0.0,
            "R": 0.0,
            "F": 0
        },
        "flake8-bandit": {
            "P": 0.12202686202686203,
            "R": 0.036812787288201344,
            "F": 0.0565620603496958
        }
    }
}