{
    "overall": {
        "P": 0.13463301340404144,
        "R": 0.03262386806910099,
        "F": 0.05252100395934078
    },
    "NoT": {
        "P": 0.1838143165245969,
        "R": 0.1310300312542465,
        "F": 0.15299747833563834
    },
    "NeT": {
        "P": 0.022222222222222223,
        "R": 4.4444444444444447e-05,
        "F": 8.871146595697495e-05
    },
    "FaT": {
        "P": 0.10694620194620194,
        "R": 0.021645405492973707,
        "F": 0.03600381009552197
    },
    "tool_groups": {
        "PyFlakes": {
            "P": 0.2,
            "R": 0.0004,
            "F": 0.0007984031936127744
        },
        "pycodestyle": {
            "P": 0.0,
            "R": 0.0,
            "F": 0
        },
        "Misc": {
            "P": 0.1838143165245969,
            "R": 0.1310300312542465,
            "F": 0.15299747833563834
        },
        "flake8-annotations": {
            "P": 0.25856643356643355,
            "R": 0.02786231884057971,
            "F": 0.05030403095330555
        },
        "flake8-async": {
            "P": 0.0,
            "R": 0.0,
            "F": 0
        },
        "flake8-bandit": {
            "P": 0.18293650793650792,
            "R": 0.050076313097278606,
            "F": 0.07862902828873149
        }
    }
}