{
    "overall": {
        "P": 0.4607017810477834,
        "R": 0.4016692479466304,
        "F": 0.4291650152879499
    },
    "NoT": {
        "P": 0.29622970615859384,
        "R": 0.17563706135134707,
        "F": 0.22052375228383658
    },
    "NeT": {
        "P": 0.10935384794708163,
        "R": 0.09665420939310884,
        "F": 0.10261258568120471
    },
    "FaT": {
        "P": 0.36962260808838954,
        "R": 0.3301297259529974,
        "F": 0.34876171004535755
    },
    "tool_groups": {
        "PyFlakes": {
            "P": 0.2,
            "R": 0.1972,
            "F": 0.19859013091641492
        },
        "pycodestyle": {
            "P": 0.7841846315237346,
            "R": 0.6726878845379793,
            "F": 0.7241697472513102
        },
        "Misc": {
            "P": 0.29622970615859384,
            "R": 0.17563706135134707,
            "F": 0.22052375228383658
        },
        "flake8-annotations": {
            "P": 0.7320127112088577,
            "R": 0.7010890687330856,
            "F": 0.7162172529336888
        },
        "flake8-async": {
            "P": 0.0,
            "R": 0.0,
            "F": 0
        },
        "flake8-bandit": {
            "P": 0.7184610449537779,
            "R": 0.6164750078680133,
            "F": 0.6635722773454356
        }
    }
}