{
    "overall": {
        "P": 0.40665701285085476,
        "R": 0.3469423825025641,
        "F": 0.3744338272290821
    },
    "NoT": {
        "P": 0.34989619377162634,
        "R": 0.1989914847057704,
        "F": 0.25369985817373775
    },
    "NeT": {
        "P": 0.10393650377038652,
        "R": 0.08534444295367762,
        "F": 0.09372737373051945
    },
    "FaT": {
        "P": 0.3090272667559381,
        "R": 0.2780369281929746,
        "F": 0.2927141280832804
    },
    "tool_groups": {
        "PyFlakes": {
            "P": 0.1991919191919192,
            "R": 0.1972,
            "F": 0.19819095477386933
        },
        "pycodestyle": {
            "P": 0.7362366147415594,
            "R": 0.5708999865830985,
            "F": 0.6431117804397651
        },
        "Misc": {
            "P": 0.34989619377162634,
            "R": 0.19899148470577044,
            "F": 0.25369985817373775
        },
        "flake8-annotations": {
            "P": 0.7244833878595727,
            "R": 0.7037831295611636,
            "F": 0.7139832514503804
        },
        "flake8-async": {
            "P": 0.0,
            "R": 0.0,
            "F": 0
        },
        "flake8-bandit": {
            "P": 0.5406906600760422,
            "R": 0.45875978214630336,
            "F": 0.49636704121812486
        }
    }
}