{
    "overall": {
        "P": 0.49194533300712917,
        "R": 0.4150305248374267,
        "F": 0.450226603020042
    },
    "NoT": {
        "P": 0.37788128220571504,
        "R": 0.22798788513074228,
        "F": 0.2843926015886238
    },
    "NeT": {
        "P": 0.10842865120486243,
        "R": 0.0986507652958001,
        "F": 0.10330886190532446
    },
    "FaT": {
        "P": 0.396190465224646,
        "R": 0.3371622750645916,
        "F": 0.3643007553537084
    },
    "tool_groups": {
        "PyFlakes": {
            "P": 0.19959839357429718,
            "R": 0.1988,
            "F": 0.19919839679358717
        },
        "pycodestyle": {
            "P": 0.7762594672694647,
            "R": 0.6890568876622007,
            "F": 0.7300634170017977
        },
        "Misc": {
            "P": 0.37788128220571504,
            "R": 0.22798788513074228,
            "F": 0.2843926015886238
        },
        "flake8-annotations": {
            "P": 0.7220543346004632,
            "R": 0.6969729709153685,
            "F": 0.7092919957109166
        },
        "flake8-async": {
            "P": 0.08333333333333333,
            "R": 0.041666666666666664,
            "F": 0.05555555555555555
        },
        "flake8-bandit": {
            "P": 0.7368090838870243,
            "R": 0.6064345740389115,
            "F": 0.6652947889215577
        }
    }
}