{
    "overall": {
        "P": 0.4330674311241314,
        "R": 0.35353845023214325,
        "F": 0.3892825926540336
    },
    "NoT": {
        "P": 0.35782593739250085,
        "R": 0.15215617715617716,
        "F": 0.2135189653431333
    },
    "NeT": {
        "P": 0.10878248080083339,
        "R": 0.08566646136201621,
        "F": 0.09585045909464768
    },
    "FaT": {
        "P": 0.3326451162934792,
        "R": 0.2902477969896789,
        "F": 0.31000356602120427
    },
    "tool_groups": {
        "PyFlakes": {
            "P": 0.19936305732484078,
            "R": 0.1968553459119497,
            "F": 0.1981012658227848
        },
        "pycodestyle": {
            "P": 0.7796792698826598,
            "R": 0.5741428063461962,
            "F": 0.6613088262045911
        },
        "Misc": {
            "P": 0.35782593739250085,
            "R": 0.15215617715617716,
            "F": 0.2135189653431333
        },
        "flake8-annotations": {
            "P": 0.7155872418837399,
            "R": 0.6952272792752463,
            "F": 0.7052603496740544
        },
        "flake8-async": {
            "P": 0.08333333333333333,
            "R": 0.027777777777777776,
            "F": 0.041666666666666664
        },
        "flake8-bandit": {
            "P": 0.5496221532091098,
            "R": 0.4777332864666831,
            "F": 0.511162519663777
        }
    }
}