{
    "overall": {
        "P": 0.415083524555902,
        "R": 0.3546776443913112,
        "F": 0.3825104529927933
    },
    "NoT": {
        "P": 0.24518499530035034,
        "R": 0.15152149437863724,
        "F": 0.18729613885162516
    },
    "NeT": {
        "P": 0.10212564779816241,
        "R": 0.0865564700345219,
        "F": 0.09369871056075824
    },
    "FaT": {
        "P": 0.33183549111946753,
        "R": 0.29069407991375307,
        "F": 0.30990531940065663
    },
    "tool_groups": {
        "PyFlakes": {
            "P": 0.1987878787878788,
            "R": 0.1968,
            "F": 0.1977889447236181
        },
        "pycodestyle": {
            "P": 0.720342951395583,
            "R": 0.582208230310697,
            "F": 0.6439510413701003
        },
        "Misc": {
            "P": 0.24518499530035034,
            "R": 0.15152149437863724,
            "F": 0.18729613885162516
        },
        "flake8-annotations": {
            "P": 0.7164235195544493,
            "R": 0.7107559014736284,
            "F": 0.7135784568852951
        },
        "flake8-async": {
            "P": 0.08333333333333333,
            "R": 0.020833333333333332,
            "F": 0.03333333333333333
        },
        "flake8-bandit": {
            "P": 0.5467472629293628,
            "R": 0.4763457589553241,
            "F": 0.5091242621068093
        }
    }
}