{
    "overall": {
        "P": 0.48645602887332684,
        "R": 0.40623394148390896,
        "F": 0.4427403836266704
    },
    "NoT": {
        "P": 0.5036926721949568,
        "R": 0.25160395160395155,
        "F": 0.33557959277187516
    },
    "NeT": {
        "P": 0.10911306004495969,
        "R": 0.09767868778444364,
        "F": 0.10307974701320673
    },
    "FaT": {
        "P": 0.37542778623707485,
        "R": 0.3257363636861272,
        "F": 0.3488212622650254
    },
    "tool_groups": {
        "PyFlakes": {
            "P": 0.2,
            "R": 0.1992,
            "F": 0.1995991983967936
        },
        "pycodestyle": {
            "P": 0.7820175404046372,
            "R": 0.6799081900599928,
            "F": 0.7273969113638884
        },
        "Misc": {
            "P": 0.5036926721949568,
            "R": 0.25160395160395155,
            "F": 0.33557959277187516
        },
        "flake8-annotations": {
            "P": 0.723220720167904,
            "R": 0.7063908959267202,
            "F": 0.7147067451337206
        },
        "flake8-async": {
            "P": 0.08333333333333333,
            "R": 0.041666666666666664,
            "F": 0.05555555555555555
        },
        "flake8-bandit": {
            "P": 0.6738989746216759,
            "R": 0.5671339465641309,
            "F": 0.6159240073946284
        }
    }
}