{
    "overall": {
        "P": 0.4005118608270706,
        "R": 0.320878673297471,
        "F": 0.3562999747371364
    },
    "NoT": {
        "P": 0.2622765621475299,
        "R": 0.1388167388167388,
        "F": 0.18154567497316168
    },
    "NeT": {
        "P": 0.0980010473111731,
        "R": 0.07901963339914005,
        "F": 0.08749267938849944
    },
    "FaT": {
        "P": 0.31787029114695764,
        "R": 0.2620881437295234,
        "F": 0.28729657004199816
    },
    "tool_groups": {
        "PyFlakes": {
            "P": 0.19870410367170627,
            "R": 0.184,
            "F": 0.19106957424714432
        },
        "pycodestyle": {
            "P": 0.6833053221288515,
            "R": 0.5271767005922604,
            "F": 0.5951722346231206
        },
        "Misc": {
            "P": 0.2622765621475299,
            "R": 0.1388167388167388,
            "F": 0.18154567497316168
        },
        "flake8-annotations": {
            "P": 0.7138290734064727,
            "R": 0.6291803927643769,
            "F": 0.6688370679218734
        },
        "flake8-async": {
            "P": 0.0,
            "R": 0.0,
            "F": 0
        },
        "flake8-bandit": {
            "P": 0.5729020342907541,
            "R": 0.4507015550475691,
            "F": 0.5045074879263935
        }
    }
}