{
    "overall": {
        "P": 0.06693312778389332,
        "R": 0.031106851769835502,
        "F": 0.04247407830851264
    },
    "NoT": {
        "P": 0.1889999408598971,
        "R": 0.1994020926756353,
        "F": 0.19406172197389926
    },
    "NeT": {
        "P": 0.0,
        "R": 0.0,
        "F": 0
    },
    "FaT": {
        "P": 0.053370148553226235,
        "R": 0.01240738055807997,
        "F": 0.020134041290016145
    },
    "tool_groups": {
        "PyFlakes": {
            "P": 0.0,
            "R": 0.0,
            "F": 0
        },
        "pycodestyle": {
            "P": 0.0,
            "R": 0.0,
            "F": 0
        },
        "Misc": {
            "P": 0.1889999408598971,
            "R": 0.1994020926756353,
            "F": 0.19406172197389926
        },
        "flake8-annotations": {
            "P": 0.1384124677002584,
            "R": 0.036943173150266975,
            "F": 0.05832028825083629
        },
        "flake8-async": {
            "P": 0.003787878787878788,
            "R": 0.0032051282051282055,
            "F": 0.0034722222222222225
        },
        "flake8-bandit": {
            "P": 0.08326015985590454,
            "R": 0.014955013429994961,
            "F": 0.025355691328955657
        }
    }
}