{
    "overall": {
        "P": 0.38316457056099607,
        "R": 0.31499334599313517,
        "F": 0.345750688448071
    },
    "NoT": {
        "P": 0.23860469466005801,
        "R": 0.11992134849277707,
        "F": 0.15961906972623344
    },
    "NeT": {
        "P": 0.10042505386990504,
        "R": 0.07847013461624468,
        "F": 0.0881003850656965
    },
    "FaT": {
        "P": 0.29880172512452857,
        "R": 0.25819787776581926,
        "F": 0.2770198431007027
    },
    "tool_groups": {
        "PyFlakes": {
            "P": 0.19912472647702406,
            "R": 0.182,
            "F": 0.19017763845350052
        },
        "pycodestyle": {
            "P": 0.7047007583521213,
            "R": 0.524231211546202,
            "F": 0.6012149433447072
        },
        "Misc": {
            "P": 0.23860469466005801,
            "R": 0.11992134849277707,
            "F": 0.15961906972623344
        },
        "flake8-annotations": {
            "P": 0.7029981327649262,
            "R": 0.6181575188603726,
            "F": 0.6578537221997078
        },
        "flake8-async": {
            "P": 0.0,
            "R": 0.0,
            "F": 0
        },
        "flake8-bandit": {
            "P": 0.5214728378989585,
            "R": 0.44490962323859223,
            "F": 0.4801583082658245
        }
    }
}