{
    "overall": {
        "P": 0.4448548164101202,
        "R": 0.40366114846209683,
        "F": 0.42325804940640555
    },
    "NoT": {
        "P": 0.32157757496740547,
        "R": 0.22113600685029255,
        "F": 0.26206228553454514
    },
    "NeT": {
        "P": 0.10648090413132937,
        "R": 0.09005461488168635,
        "F": 0.09758131112336581
    },
    "FaT": {
        "P": 0.3520713835502037,
        "R": 0.333887104870611,
        "F": 0.3427382179699869
    },
    "tool_groups": {
        "PyFlakes": {
            "P": 0.19919354838709677,
            "R": 0.1976,
            "F": 0.19839357429718874
        },
        "pycodestyle": {
            "P": 0.7591345887948675,
            "R": 0.6128915339351771,
            "F": 0.6782191022193543
        },
        "Misc": {
            "P": 0.32157757496740547,
            "R": 0.22113600685029255,
            "F": 0.26206228553454514
        },
        "flake8-annotations": {
            "P": 0.7158278042694068,
            "R": 0.6990580716326089,
            "F": 0.7073435575212859
        },
        "flake8-async": {
            "P": 0.06666666666666667,
            "R": 0.08333333333333333,
            "F": 0.07407407407407407
        },
        "flake8-bandit": {
            "P": 0.6211059883735941,
            "R": 0.562163676407775,
            "F": 0.5901667832032164
        }
    }
}